---------
--ENUMS--
---------

INSERT INTO instrument (instrument) VALUES
('guitar'),
('piano'),
('flute'),
('drum'),
('trumpet'),
('bass'),
('saxophone');

INSERT INTO instrument_brand (brand_name) VALUES
('Fender'),
('Ibanez'),
('Yamaha'),
('Stuart & Sons'),
('Tama'),
('Sonor'),
('Bach'),
('Gibson'),
('Selmer Paris');

INSERT INTO skill_level (skill_level) VALUES
('beginner'),
('intermediate'),
('advanced');

INSERT INTO lesson_type (lesson_type) VALUES
('lesson'),
('group_lesson'),
('ensemble');

INSERT INTO price_list (price, pay, discount, skill_level_id, lesson_type_id) VALUES
(250, 200, 10, 
(SELECT skill_level_id FROM skill_level WHERE skill_level ILIKE 'beginner'),
(SELECT lesson_type_id FROM lesson_type WHERE lesson_type ILIKE 'lesson')),
(250, 200, 10,
(SELECT skill_level_id FROM skill_level WHERE skill_level ILIKE 'intermediate'),
(SELECT lesson_type_id FROM lesson_type WHERE lesson_type ILIKE 'lesson')),
(400, 350, 10,
(SELECT skill_level_id FROM skill_level WHERE skill_level ILIKE 'advanced'),
(SELECT lesson_type_id FROM lesson_type WHERE lesson_type ILIKE 'lesson')),
(150, 300, 10, 
(SELECT skill_level_id FROM skill_level WHERE skill_level ILIKE 'beginner'),
(SELECT lesson_type_id FROM lesson_type WHERE lesson_type ILIKE 'group_lesson')),
(150, 300, 10, 
(SELECT skill_level_id FROM skill_level WHERE skill_level ILIKE 'intermediate'),
(SELECT lesson_type_id FROM lesson_type WHERE lesson_type ILIKE 'group_lesson')),
(200, 450, 10, 
(SELECT skill_level_id FROM skill_level WHERE skill_level ILIKE 'advanced'),
(SELECT lesson_type_id FROM lesson_type WHERE lesson_type ILIKE 'group_lesson')),
(200, 400, 10, null, (SELECT lesson_type_id FROM lesson_type WHERE lesson_type ILIKE 'ensemble'));

INSERT INTO physical_instrument (id, cost, instrument_id, instrument_brand_id) VALUES
('ig001', 100,
(SELECT instrument_id FROM instrument WHERE instrument ILIKE 'guitar'),
(SELECT instrument_brand_id FROM instrument_brand WHERE brand_name ILIKE 'Fender')),
('ig002', 100, 
(SELECT instrument_id FROM instrument WHERE instrument ILIKE 'guitar'),
(SELECT instrument_brand_id FROM instrument_brand WHERE brand_name ILIKE 'Ibanez')),
('ig003', 150, 
(SELECT instrument_id FROM instrument WHERE instrument ILIKE 'guitar'),
(SELECT instrument_brand_id FROM instrument_brand WHERE brand_name ILIKE 'Ibanez')),
('ig004', 150, 
(SELECT instrument_id FROM instrument WHERE instrument ILIKE 'guitar'),
(SELECT instrument_brand_id FROM instrument_brand WHERE brand_name ILIKE 'Ibanez')),
('ig005', 150, 
(SELECT instrument_id FROM instrument WHERE instrument ILIKE 'guitar'),
(SELECT instrument_brand_id FROM instrument_brand WHERE brand_name ILIKE 'Yamaha')),
('ig006', 175, 
(SELECT instrument_id FROM instrument WHERE instrument ILIKE 'guitar'),
(SELECT instrument_brand_id FROM instrument_brand WHERE brand_name ILIKE 'Yamaha')),
('ig007', 175, 
(SELECT instrument_id FROM instrument WHERE instrument ILIKE 'guitar'),
(SELECT instrument_brand_id FROM instrument_brand WHERE brand_name ILIKE 'Yamaha')),
('ip001', 400, 
(SELECT instrument_id FROM instrument WHERE instrument ILIKE 'piano'),
(SELECT instrument_brand_id FROM instrument_brand WHERE brand_name ILIKE 'Yamaha')),
('ip002', 400, 
(SELECT instrument_id FROM instrument WHERE instrument ILIKE 'piano'),
(SELECT instrument_brand_id FROM instrument_brand WHERE brand_name ILIKE 'Yamaha')),
('ip003', 400, 
(SELECT instrument_id FROM instrument WHERE instrument ILIKE 'piano'),
(SELECT instrument_brand_id FROM instrument_brand WHERE brand_name ILIKE 'Yamaha')),
('ip004', 325, 
(SELECT instrument_id FROM instrument WHERE instrument ILIKE 'piano'),
(SELECT instrument_brand_id FROM instrument_brand WHERE brand_name ILIKE 'Stuart & Sons')),
('if001', 69, 
(SELECT instrument_id FROM instrument WHERE instrument ILIKE 'flute'),
(SELECT instrument_brand_id FROM instrument_brand WHERE brand_name ILIKE 'Yamaha')),
('id001', 425, 
(SELECT instrument_id FROM instrument WHERE instrument ILIKE 'drum'),
(SELECT instrument_brand_id FROM instrument_brand WHERE brand_name ILIKE 'Tama')),
('id002', 450, 
(SELECT instrument_id FROM instrument WHERE instrument ILIKE 'drum'),
(SELECT instrument_brand_id FROM instrument_brand WHERE brand_name ILIKE 'Sonor')),
('id003', 450, 
(SELECT instrument_id FROM instrument WHERE instrument ILIKE 'drum'),
(SELECT instrument_brand_id FROM instrument_brand WHERE brand_name ILIKE 'Sonor')),
('it001', 375, 
(SELECT instrument_id FROM instrument WHERE instrument ILIKE 'trumpet'),
(SELECT instrument_brand_id FROM instrument_brand WHERE brand_name ILIKE 'Bach')),
('it002', 375, 
(SELECT instrument_id FROM instrument WHERE instrument ILIKE 'trumpet'),
(SELECT instrument_brand_id FROM instrument_brand WHERE brand_name ILIKE 'Bach')),
('it003', 325, 
(SELECT instrument_id FROM instrument WHERE instrument ILIKE 'trumpet'),
(SELECT instrument_brand_id FROM instrument_brand WHERE brand_name ILIKE 'Yamaha')),
('ib001', 300, 
(SELECT instrument_id FROM instrument WHERE instrument ILIKE 'bass'),
(SELECT instrument_brand_id FROM instrument_brand WHERE brand_name ILIKE 'Fender')),
('ib002', 300, 
(SELECT instrument_id FROM instrument WHERE instrument ILIKE 'bass'),
(SELECT instrument_brand_id FROM instrument_brand WHERE brand_name ILIKE 'Fender')),
('ib003', 375, 
(SELECT instrument_id FROM instrument WHERE instrument ILIKE 'bass'),
(SELECT instrument_brand_id FROM instrument_brand WHERE brand_name ILIKE 'Gibson')),
('ib004', 350, 
(SELECT instrument_id FROM instrument WHERE instrument ILIKE 'bass'),
(SELECT instrument_brand_id FROM instrument_brand WHERE brand_name ILIKE 'Yamaha')),
('is001', 350, 
(SELECT instrument_id FROM instrument WHERE instrument ILIKE 'saxophone'),
(SELECT instrument_brand_id FROM instrument_brand WHERE brand_name ILIKE 'Selmer Paris'));

INSERT INTO genre (genre) VALUES
('pop'),
('rock'),
('jazz'),
('house'),
('country'),
('blues'),
('classic'),
('hip-hop'),
('metal');

----------
--TABLES--
----------

INSERT INTO person (personal_number,first_name,last_name,phone,email,street,house,city,zip) VALUES
('196204070744','Moana','Hughes','1-460-817-7685','moana@outlook.com','1484 Fusce St.',155,'Kentucky','86143'),
('200506040410','Yetta','Vaughn','1-171-434-0493','yetta@outlook.com','Ap #399-7647 Augue St.',107,'California','93365'),
('199909131339','Sharon','Gutierrez','(431) 786-5294','sharon4118@hotmail.com','P.O. Box 925, 1384 Ridiculus St.',30,'Mississippi','42791'),
('195501121248','Keegan','Lyons','1-349-169-5483','keegan5425@hotmail.com','Ap #137-813 In Road',107,'Ohio','26963'),
('200907080834','Fritz','Farrell','1-472-760-3596','fritz@hotmail.com','P.O. Box 857, 1819 Rutrum Street',106,'Idaho','16274'),
('200303111130','Luke','Giles','(834) 486-2091','luke@hotmail.com','Ap #128-4717 Habitant Av.',42,'Massachusetts','56748'),
('196808313116','Nola','Reese','1-477-167-6814','nola6590@icloud.com','Ap #314-967 Dolor Rd.',168,'Missouri','74744'),
('198212313146','Maia','Hines','1-958-681-2353','maia@gmail.com','373-7044 Lacinia Avenue',44,'Arkansas','71031'),
('196104030331','Daphne','Grimes','1-513-566-6127','daphne2206@hotmail.com','P.O. Box 443, 103 Vitae St.',114,'Iowa','26425'),
('198211282806','Tanek','Payne','(855) 435-0566','tanek4626@gmail.com','7684 Turpis Street',176,'Kansas','44741'),
('199109121216','Anthony','Mercado','(705) 997-2719','anthony4380@gmail.com','5500 Ac Rd.',122,'Mississippi','51778'),
('195610181836','Mannix','Freeman','1-272-339-4073','mannix@hotmail.com','P.O. Box 492, 1350 Non, St.',236,'Georgia','73259'),
('198807080815','Xander','Britt','1-672-751-4059','xander@icloud.com','Ap #524-4041 Blandit Road',235,'Indiana','88272'),
('199204161633','Kim','Lester','1-774-398-3685','kim216@gmail.com','Ap #675-3398 Sit Avenue',64,'Indiana','42433'),
('199104161605','Dana','Charles','1-852-836-3357','dana@gmail.com','P.O. Box 273, 2252 Magnis Avenue',51,'Missouri','18723'),
('195104303042','Anjolie','O''donnell','(474) 656-1524','anjolie4729@gmail.com','956-192 Dictum St.',205,'Delaware','75025'),
('196909282802','Nevada','Blevins','(345) 813-2448','nevada@hotmail.com','Ap #685-8052 Elit St.',47,'Idaho','26453'),
('197910111125','Jessica','Cline','1-957-468-5613','jessica7340@gmail.com','533-2799 Scelerisque Road',29,'Oklahoma','60176'),
('195705131346','Baker','Maddox','1-266-697-5855','baker1712@gmail.com','P.O. Box 776, 1018 Donec St.',110,'Kentucky','74678'),
('197801191940','Quemby','Donovan','1-565-483-6973','quemby@icloud.com','3454 Adipiscing St.',214,'Colorado','46366'),
('200211101015','Nevada','Wilkinson','1-647-748-7586','nevada9787@gmail.com','9236 Pretium St.',121,'Texas','74172'),
('197302040434','Ira','Contreras','1-336-804-6824','ira1677@gmail.com','673-3353 Lacus. St.',110,'Pennsylvania','62457'),
('197409161606','Patience','Cortez','(373) 496-3933','patience8583@hotmail.com','P.O. Box 335, 3878 Odio Avenue',29,'Texas','66889'),
('197704151530','Wesley','Shields','(317) 457-4526','wesley@outlook.com','571-1332 Arcu. St.',119,'Utah','73677'),
('195109171747','Keane','Mccoy','1-158-731-2277','keane@icloud.com','P.O. Box 957, 6978 Faucibus Av.',210,'Tennessee','31045'),
('195708131324','Melissa','Cardenas','(653) 267-2517','melissa5538@gmail.com','P.O. Box 652, 1766 Pede, Street',85,'Kansas','45919'),
('200104060611','Keiko','Fisher','1-133-257-0768','keiko2787@icloud.com','105-1441 Integer Street',12,'Colorado','47148'),
('195010232334','Lyle','Henderson','(622) 466-8580','lyle9844@gmail.com','612-7701 Nunc St.',167,'Washington','32977'),
('196103282811','Idona','Osborn','1-225-252-4768','idona@hotmail.com','Ap #327-3102 Vel Av.',138,'Michigan','28252'),
('197005282851','Iliana','Barnett','1-451-646-7946','iliana@gmail.com','Ap #288-1818 Tempor Ave',217,'Virginia','41783'),
('197907080816','Ferris','Torres','(897) 716-9531','ferris8132@hotmail.com','P.O. Box 981, 129 Dui Rd.',72,'Maine','91515'),
('197903040456','Grant','Wells','1-385-141-5627','grant@outlook.com','616-4714 Ut Rd.',12,'Louisiana','65345'),
('197305181808','Mikayla','Norton','1-485-440-7315','mikayla@gmail.com','Ap #454-8961 Fermentum St.',102,'Illinois','91345'),
('195406171701','Tashya','Pittman','1-323-477-4576','tashya@gmail.com','6412 Fusce Rd.',70,'Missouri','27484'),
('201003292917','Thor','Nixon','(652) 797-2378','thor@hotmail.com','882-7860 Nulla St.',32,'Idaho','63363'),
('198806141414','Lamar','Mckenzie','(631) 713-9101','lamar9790@icloud.com','925-2559 Eu Av.',171,'Connecticut','48467'),
('195107303017','Justina','Rivers','(432) 687-3646','justina686@hotmail.com','483-4078 Nec Avenue',35,'Florida','55971'),
('198605040435','Odysseus','Armstrong','1-493-475-9270','odysseus@icloud.com','P.O. Box 123, 177 Eu St.',51,'Texas','11156'),
('195712050537','Omar','Hyde','1-401-816-7636','omar1705@gmail.com','Ap #270-6595 Nisi. St.',170,'Vermont','67151'),
('199409030340','Iona','Ryan','(992) 654-2738','iona@gmail.com','Ap #631-1660 Nullam Rd.',145,'Florida','62719'),
('196106141443','Zelenia','Durham','1-728-300-5568','zelenia4820@hotmail.com','Ap #902-5813 Eu Road',64,'Wisconsin','64385'),
('195304020224','Aurora','Frye','(384) 231-1563','aurora@icloud.com','421-2854 Justo. St.',9,'Washington','33783'),
('198803252519','Illiana','Lancaster','1-679-976-5880','illiana6330@hotmail.com','646-117 Urna Rd.',134,'Texas','63975'),
('195510141459','Merritt','Sharp','1-896-226-4113','merritt2500@icloud.com','520-3621 Tempor, St.',77,'Kansas','88758'),
('199210090903','Kennan','Emerson','1-393-915-5212','kennan9473@outlook.com','Ap #976-6427 Eu Road',92,'Montana','80424'),
('200112111122','Griffith','Pope','1-814-131-1562','griffith2747@gmail.com','Ap #134-9035 Vel, Rd.',70,'Maryland','74788'),
('200612232312','Stewart','Sharpe','1-338-348-4661','stewart461@hotmail.com','677-4257 Integer Ave',231,'Arizona','86204'),
('197310181806','Ezekiel','Dodson','1-244-685-1461','ezekiel@hotmail.com','P.O. Box 541, 5813 Vivamus Avenue',22,'Vermont','32364'),
('198904232357','Driscoll','Stephens','1-605-841-1258','driscoll@gmail.com','535-5384 Vitae St.',62,'Minnesota','41623'),
('198906020252','Cairo','York','(791) 311-1886','cairo9578@icloud.com','8648 Nullam St.',183,'Tennessee','97364'),
('198106121246','Jarrod','Riddle','(348) 311-4527','jarrod@icloud.com','328-6831 Vivamus St.',66,'Connecticut','41180'),
('198309242409','Yael','Griffith','1-826-215-3946','yael@icloud.com','P.O. Box 670, 4547 Consequat Ave',27,'Texas','13600'),
('196411212112','Celeste','Vincent','1-548-522-2443','celeste8047@gmail.com','Ap #740-3045 Erat Rd.',16,'Ohio','86027'),
('195205151523','Dawn','Camacho','(329) 646-5122','dawn4864@outlook.com','Ap #427-9569 Ac, St.',144,'Oklahoma','32418'),
('198301272737','Ifeoma','Larson','1-728-565-6433','ifeoma7434@hotmail.com','848-7722 Phasellus St.',99,'Georgia','63236'),
('198911030312','Tiger','Sims','(332) 246-0833','tiger@hotmail.com','405-1963 Tellus Rd.',134,'Washington','78166'),
('198311131324','Mariko','Silva','1-199-780-1555','mariko2356@gmail.com','Ap #824-1237 Vitae Ave',177,'Nevada','57942'),
('198801040401','Elton','Reeves','(657) 166-7569','elton@hotmail.com','5714 Molestie Road',191,'Missouri','28058'),
('195803181834','Ahmed','Newman','(368) 396-8727','ahmed@icloud.com','Ap #778-2328 Tempor, Street',9,'Arizona','86283'),
('196405030342','Keefe','Cleveland','(521) 377-4463','keefe@gmail.com','P.O. Box 341, 4277 Cras Av.',231,'Ohio','77087'),
('201003060642','Shoshana','Peterson','(867) 574-9737','shoshana6677@icloud.com','Ap #475-9936 Lectus Rd.',46,'Washington','26888'),
('196604303024','Hyatt','Garcia','(376) 826-4191','hyatt@outlook.com','Ap #147-4147 Id Rd.',164,'Kentucky','14659'),
('197502030358','Tanisha','Underwood','1-623-953-2658','tanisha6851@hotmail.com','Ap #388-1101 Turpis Rd.',223,'Colorado','25617'),
('200004040447','Amela','Holt','(834) 771-2854','amela@icloud.com','127-5676 Convallis St.',27,'Delaware','98805'),
('200006151510','Rebecca','Hewitt','1-889-187-5283','rebecca@icloud.com','255-6640 Aliquet, Avenue',190,'Ohio','52921'),
('199803222257','Emerson','Tanner','(170) 185-6160','emerson2433@icloud.com','683-4811 Sociis Rd.',243,'Oklahoma','89467'),
('200110111116','Moses','Mcneil','(274) 573-7322','moses@outlook.com','Ap #509-7395 Nisi. St.',57,'California','96421'),
('198409262610','Yasir','Joyner','1-525-839-2692','yasir@icloud.com','7000 Massa Rd.',4,'Alaska','99812'),
('195506272738','Simone','Bean','1-431-825-8733','simone615@outlook.com','808-8891 Semper, Ave',133,'Pennsylvania','23367'),
('196609010130','Tyrone','Glover','(447) 321-3543','tyrone@icloud.com','3844 Aliquam Avenue',195,'Connecticut','64046'),
('195102070716','Rhea','Collins','1-841-209-8655','rhea@gmail.com','349 Maecenas Rd.',48,'Arkansas','71104'),
('199301181816','Hope','Patton','(797) 552-9547','hope6338@gmail.com','Ap #241-9438 Risus. Road',185,'Illinois','62518'),
('198701212149','Roary','Bowers','(711) 185-1124','roary5799@icloud.com','282-9705 Velit St.',239,'Louisiana','40961'),
('198309242415','Yoko','Noel','1-449-539-6859','yoko6554@icloud.com','614-7098 Tellus Street',54,'Utah','52122'),
('200910070721','Chase','Buchanan','1-579-526-2247','chase881@icloud.com','Ap #565-2088 Sed St.',244,'Kentucky','46550'),
('196910121248','Karleigh','Wooten','(283) 782-1041','karleigh@gmail.com','6467 Elit. Rd.',168,'Illinois','12740'),
('199705070750','Cain','Dennis','1-485-722-0360','cain7355@gmail.com','Ap #435-960 Massa. St.',2,'Washington','87530'),
('195306020224','Myles','Haney','1-763-685-1735','myles@icloud.com','7579 Aliquam Avenue',83,'Delaware','35261'),
('196202161624','Tate','Stokes','1-833-441-1127','tate@gmail.com','2112 Porttitor Street',130,'Connecticut','21812'),
('200504252549','Serena','Becker','1-308-486-2123','serena7558@outlook.com','P.O. Box 165, 1127 Mauris Ave',55,'Minnesota','83038'),
('200701191932','Anthony','Joyce','1-397-488-1469','anthony@gmail.com','351-8590 Suspendisse St.',197,'Maryland','23248'),
('197604171753','Jin','Mcfarland','1-581-755-4622','jin@hotmail.com','P.O. Box 844, 1531 Donec Rd.',105,'Idaho','37145'),
('198302101038','Dorothy','Odom','1-509-107-5428','dorothy1161@hotmail.com','P.O. Box 330, 6367 Placerat, Ave',2,'Wisconsin','37584'),
('199707030347','Jarrod','Blankenship','1-513-374-1142','jarrod@hotmail.com','1065 Suspendisse St.',175,'Ohio','65125'),
('200207282812','Raphael','O''Neill','(872) 823-3177','raphael1546@gmail.com','3484 Aenean Rd.',182,'Virginia','81548'),
('195807010148','Aline','Lyons','1-444-233-5263','aline5100@outlook.com','Ap #489-3512 Mollis Ave',208,'Florida','83787'),
('196206282857','Brittany','David','(603) 634-4667','brittany@gmail.com','Ap #842-8024 Mollis. Rd.',237,'Alaska','99616'),
('197206030320','Ivor','Harrison','1-608-697-6516','ivor3328@outlook.com','2051 Convallis Road',98,'Arizona','86428'),
('200705131328','India','Gardner','1-478-525-8357','india2445@hotmail.com','Ap #835-4532 Ac Avenue',23,'Alaska','99975'),
('196306060648','Joel','King','1-725-813-0482','joel5710@hotmail.com','2571 Aptent St.',7,'Kentucky','33335'),
('199312111134','Sharon','Sweeney','(895) 634-4482','sharon5776@outlook.com','Ap #876-9657 At, Street',150,'Indiana','32276'),
('198611030347','Leonard','Robles','1-921-601-1577','leonard@outlook.com','Ap #318-7305 Ultrices Rd.',189,'Wisconsin','93878'),
('200909151553','Sigourney','Sanders','1-283-425-1078','sigourney@icloud.com','P.O. Box 608, 6291 Amet Rd.',217,'Tennessee','45326'),
('195508232322','Caleb','Daniel','(815) 886-7409','caleb4541@icloud.com','8265 Eros Rd.',202,'Illinois','98315'),
('198409131321','Herman','Lamb','1-563-783-1152','herman3758@outlook.com','Ap #634-6503 Rhoncus. Rd.',199,'Utah','68036'),
('199409303018','Rebecca','Spencer','(474) 705-6281','rebecca8168@icloud.com','Ap #864-3956 Donec Av.',236,'Nebraska','57237'),
('200510020226','Basil','Jacobson','(586) 574-8875','basil@icloud.com','Ap #150-7516 Semper Av.',46,'Georgia','56745'),
('197806191911','Jin','Shaw','1-321-546-7745','jin3630@icloud.com','380-8098 Rhoncus. Ave',204,'Arizona','86906'),
('199002141412','Nigel','Santiago','(233) 402-8530','nigel@hotmail.com','663-7172 Euismod Rd.',51,'Utah','48926'),
('200612121231','Julie','Battle','1-639-520-4317','julie@outlook.com','Ap #837-3968 Nullam Ave',173,'Nevada','58598'),
('200511282831','Duncan','Wilson','(493) 416-2350','duncan@gmail.com','Ap #661-8796 Non, St.',159,'Wisconsin','49647'),
('196111222214','Jayme','Wiggins','(384) 238-3142','jayme@gmail.com','P.O. Box 676, 1506 Curabitur St.',77,'Montana','34253'),
('196309121210','Lavinia','Estrada','(963) 768-5241','lavinia8058@outlook.com','Ap #167-5642 Accumsan Av.',132,'Florida','35397'),
('198401313151','Maite','O''brien','(396) 721-7283','maite7943@outlook.com','Ap #931-1191 Hendrerit Rd.',206,'Arizona','86705'),
('195406191941','Shad','Adams','1-769-608-6584','shad9940@outlook.com','4106 Massa. Ave',114,'Washington','22823'),
('200409060609','Jolie','Colon','(232) 575-7331','jolie@icloud.com','Ap #731-3842 Nascetur Avenue',123,'Kentucky','17713'),
('200004232327','Karleigh','Houston','1-259-868-7245','karleigh7134@gmail.com','265-3390 Elementum Rd.',8,'Georgia','94140'),
('199211060614','Inez','Hamilton','(954) 540-6813','inez4965@gmail.com','752-2399 Purus Avenue',246,'Mississippi','26653'),
('196104070756','Burke','Robles','1-695-631-3887','burke@gmail.com','7178 Nunc Rd.',181,'Utah','22717'),
('199205282805','Chandler','Gutierrez','(457) 841-5555','chandler7883@gmail.com','P.O. Box 859, 6349 Auctor, St.',155,'Nebraska','22412'),
('200712070744','Rana','Burris','1-907-151-0461','rana1259@outlook.com','P.O. Box 829, 419 Et, Rd.',220,'Utah','22148'),
('197611272739','Hammett','Elliott','(101) 442-2294','hammett@hotmail.com','P.O. Box 164, 5688 Amet, Avenue',188,'Iowa','27924'),
('197802010123','Willow','Greene','1-370-784-8113','willow@outlook.com','Ap #623-7041 Arcu. Road',121,'Nevada','71642'),
('197807171724','Kermit','Mcgee','(738) 920-5211','kermit1800@outlook.com','422-7333 Vehicula. St.',221,'Wisconsin','33811'),
('195710141438','Camille','Casey','(812) 381-2322','camille9794@hotmail.com','502-1674 Sed Avenue',55,'Vermont','17825'),
('196604090942','Wayne','Cunningham','(585) 764-6767','wayne@hotmail.com','Ap #469-5915 Elementum, Rd.',8,'Kentucky','65411'),
('198109191921','Malcolm','Vaughn','1-680-204-4855','malcolm@hotmail.com','Ap #928-6995 Orci Street',191,'Pennsylvania','33064'),
('197611262630','Basia','Mccarty','(421) 456-9581','basia@outlook.com','9079 Leo Rd.',98,'Illinois','38773'),
('198607242408','Wang','Moore','1-312-424-1786','wang6865@icloud.com','723-953 Senectus Street',145,'Ohio','67084'),
('196608282824','Jenette','Cobb','(388) 373-8353','jenette3140@hotmail.com','8848 Turpis Avenue',47,'Maryland','33549'),
('196612060643','Rogan','Harmon','(494) 813-5221','rogan@outlook.com','619-4316 Ligula Street',209,'Missouri','52898'),
('196012252519','Kaye','Sullivan','1-769-688-4349','kaye5514@hotmail.com','704-2163 Neque. St.',221,'Hawaii','86869'),
('195808030351','Harper','Lyons','(596) 355-4090','harper2869@outlook.com','P.O. Box 205, 4921 Vitae Avenue',250,'Kentucky','66368'),
('197011161622','Carolyn','Johns','(851) 743-6448','carolyn9365@icloud.com','Ap #429-5840 Mauris Ave',38,'Arizona','86144'),
('196606252535','Malachi','Mclaughlin','1-834-296-6752','malachi@hotmail.com','671-6123 In, Road',172,'Oklahoma','72455'),
('200004020224','Jolene','Hewitt','1-805-343-6230','jolene@icloud.com','4208 Donec St.',24,'Arizona','85363'),
('200604090904','Warren','Lancaster','1-158-273-9724','warren@hotmail.com','338-545 Arcu. Avenue',126,'Vermont','81821'),
('198709272757','Daniel','Booth','(869) 875-6200','daniel8760@hotmail.com','Ap #446-3346 Convallis Rd.',28,'Montana','47345'),
('196505292907','Adele','Hendrix','1-375-236-1408','adele@hotmail.com','9585 Parturient Rd.',190,'Alaska','99843'),
('196406010146','Cole','Goff','1-249-327-5437','cole3073@gmail.com','Ap #413-8363 Malesuada Ave',216,'Texas','82395'),
('198806070748','Breanna','Roberts','1-416-508-6440','breanna7594@outlook.com','344-5016 Netus Ave',211,'Maryland','25680'),
('197707161626','Lynn','Santana','(333) 868-3863','lynn9663@hotmail.com','Ap #189-6326 Duis Ave',84,'Kentucky','56428'),
('195009030345','Hadley','Castaneda','(684) 158-3428','hadley9509@gmail.com','P.O. Box 630, 5534 Donec Rd.',186,'Nebraska','62461'),
('197007292939','Gannon','Joyce','1-882-961-1746','gannon@outlook.com','P.O. Box 497, 3835 Scelerisque Rd.',232,'Oklahoma','28871'),
('199908151522','Sade','Thomas','(386) 728-7551','sade@hotmail.com','480-5173 Eu St.',16,'Michigan','46710'),
('197508121233','Tatyana','Cook','1-681-886-0444','tatyana@outlook.com','Ap #565-255 Interdum Avenue',118,'Maryland','49238'),
('198910040419','Kylie','Bird','(848) 937-4425','kylie@hotmail.com','P.O. Box 299, 6261 Magnis Rd.',144,'Virginia','86696'),
('200702030312','Trevor','Wolfe','1-620-953-4821','trevor@outlook.com','Ap #373-3895 Enim Ave',164,'Minnesota','48615'),
('196401090958','Noel','Bailey','1-454-415-3446','noel@gmail.com','413-3562 Auctor Av.',41,'Tennessee','36115'),
('198506282800','Joan','George','1-437-879-9188','joan7794@gmail.com','Ap #146-4212 Varius. Rd.',185,'Colorado','46121'),
('199407141421','Hanna','Henson','1-260-401-3451','hanna7533@gmail.com','268-3564 Cras St.',155,'Pennsylvania','66398'),
('198208030316','Simon','Koch','1-824-526-2944','simon5666@icloud.com','176-6259 Libero Av.',107,'Michigan','37315'),
('195412303021','Allegra','Walton','(659) 287-4618','allegra4997@outlook.com','Ap #276-5086 Est. Ave',32,'Illinois','72141'),
('195610070702','Mohammad','Hawkins','(731) 874-2846','mohammad1460@icloud.com','894-919 Dolor St.',115,'Wisconsin','90188'),
('198911030315','Lawrence','Gilbert','1-461-723-7338','lawrence@hotmail.com','P.O. Box 165, 820 Metus. Road',176,'Florida','58542'),
('199205252559','Skyler','Powell','1-762-961-1278','skyler@outlook.com','344-6281 Integer Street',4,'Arkansas','71214'),
('198806222238','Maite','Peck','1-981-380-7553','maite@outlook.com','Ap #586-5023 Sem Rd.',22,'Minnesota','40167'),
('198907020240','Daquan','Herrera','1-368-447-3326','daquan5847@hotmail.com','Ap #908-7746 Proin Rd.',198,'Utah','43158'),
('200504090920','Gareth','Woods','1-957-912-8633','gareth@icloud.com','584-1214 Lacinia Street',46,'Indiana','54427'),
('199307252506','Ethan','Whitley','(733) 713-8512','ethan2873@gmail.com','P.O. Box 338, 1600 Turpis. St.',57,'Kansas','51443'),
('197902151503','Keiko','Quinn','(578) 467-3209','keiko@hotmail.com','Ap #748-4040 Porttitor St.',92,'Hawaii','20514'),
('196702191923','Quinn','Levy','1-334-671-8604','quinn3017@icloud.com','P.O. Box 676, 5772 Nisi Rd.',119,'Mississippi','63641'),
('195402161641','Phoebe','Bender','(354) 112-1786','phoebe@gmail.com','160-391 Mauris Road',36,'Indiana','22483'),
('196801212139','Britanney','Hendrix','1-117-803-3645','britanney@icloud.com','P.O. Box 186, 1926 Nec, Avenue',58,'Virginia','81378'),
('195607252531','Helen','May','1-274-861-7261','helen3275@icloud.com','P.O. Box 570, 7242 Sit Avenue',8,'Idaho','26768'),
('197310303028','Rinah','Maddox','(403) 978-3138','rinah6216@gmail.com','2515 Ut Rd.',54,'Delaware','74852'),
('195906131313','Tara','Middleton','1-366-346-5231','tara@outlook.com','Ap #729-6331 Ullamcorper, Rd.',245,'Alaska','99638'),
('200202151526','Scarlett','Acevedo','(884) 997-4645','scarlett@outlook.com','P.O. Box 426, 2654 Vulputate Ave',25,'California','95576'),
('197212101007','Aurora','Rhodes','1-496-676-9768','aurora@outlook.com','Ap #824-7093 Donec Avenue',222,'Nebraska','72149'),
('199908282804','Keegan','West','1-988-382-1096','keegan9458@icloud.com','Ap #572-6746 Dolor St.',247,'Arizona','85782'),
('200502282841','Kato','Bowers','1-147-311-6662','kato@hotmail.com','Ap #959-2574 Molestie Ave',72,'Virginia','18644'),
('200201313137','Forrest','Fields','(312) 759-8683','forrest6495@outlook.com','4306 Leo. Rd.',3,'Massachusetts','94529'),
('198507171756','Venus','Wiley','(653) 437-4887','venus@icloud.com','P.O. Box 805, 8032 Arcu. Rd.',71,'Alabama','36833'),
('199103060619','Marah','Whitney','1-767-586-3771','marah635@outlook.com','168-560 Sed Rd.',178,'Georgia','94792'),
('195009232309','Lani','Finley','(776) 855-9476','lani@gmail.com','Ap #577-9731 Sagittis Rd.',212,'Massachusetts','74641'),
('200801232359','Reed','Hays','1-385-116-3234','reed@icloud.com','Ap #886-2034 Luctus St.',145,'Iowa','23728'),
('198903282827','Garth','Wright','(825) 290-8690','garth2142@icloud.com','349-7819 Nec Av.',74,'Michigan','24744'),
('199705181835','Oleg','Callahan','1-788-242-4447','oleg@gmail.com','P.O. Box 533, 2763 Lacus Ave',12,'Louisiana','55432'),
('197901191927','Jana','Eaton','(202) 255-4827','jana9166@outlook.com','Ap #170-2628 Eleifend Street',213,'Kentucky','57753'),
('200106303023','Shafira','Olson','(712) 817-8228','shafira6140@icloud.com','P.O. Box 141, 9767 Hendrerit Rd.',101,'Mississippi','42088'),
('199602212101','Kameko','Huffman','1-517-242-1674','kameko7646@icloud.com','Ap #890-7542 Posuere, Road',35,'Indiana','44731'),
('198603020224','Walker','Berry','(670) 803-1202','walker1248@icloud.com','P.O. Box 185, 7469 Id, St.',34,'Wyoming','33476'),
('199404242426','Morgan','Mcdowell','(261) 541-5422','morgan3901@gmail.com','P.O. Box 896, 2504 Nibh Av.',73,'Minnesota','45823'),
('199206040403','Graham','Stuart','(837) 641-4926','graham@gmail.com','9880 Ornare. Rd.',203,'Vermont','61252'),
('195202262622','Tamara','Maxwell','1-726-726-0488','tamara@hotmail.com','8448 Semper Street',116,'Michigan','45436'),
('200908131333','Nell','Stone','(301) 572-3371','nell1462@hotmail.com','Ap #557-4611 At Rd.',48,'Virginia','29370'),
('197606161609','Hedley','Mann','1-442-584-1623','hedley5387@gmail.com','P.O. Box 448, 6920 Ante Rd.',7,'Pennsylvania','94956'),
('198808030309','Valentine','Small','(299) 827-6573','valentine@gmail.com','441 Commodo St.',10,'Nevada','98726'),
('199403313144','Logan','Simon','1-150-427-0232','logan@outlook.com','624-9880 At, Road',3,'Iowa','26435'),
('196803202033','Evangeline','Hines','(411) 557-0516','evangeline@hotmail.com','Ap #531-5036 Nunc Rd.',61,'Ohio','73654'),
('196607101058','Davis','Harvey','1-715-570-8877','davis6547@outlook.com','832-5003 Fusce St.',166,'Idaho','24368'),
('198610292908','Eve','Mcdaniel','(980) 427-2726','eve@outlook.com','Ap #736-530 Nunc St.',195,'Oklahoma','54333'),
('198912232306','Dante','Holcomb','(258) 504-4451','dante@gmail.com','P.O. Box 150, 7376 Ipsum Ave',122,'Oklahoma','41578'),
('195710161639','Fatima','Mueller','1-834-160-8192','fatima1099@outlook.com','4142 Lectus Rd.',183,'Pennsylvania','27384'),
('196607242450','Emily','Bullock','(587) 373-1329','emily1761@outlook.com','893-1075 Vivamus Ave',145,'Wisconsin','70656'),
('200302080806','Charity','Rogers','(621) 871-1307','charity258@icloud.com','Ap #718-3200 A, St.',107,'California','95850'),
('200712222242','Gloria','Campos','(254) 245-9667','gloria@icloud.com','640-3039 Eget Ave',214,'Utah','65250'),
('197510010116','Fleur','Cleveland','(368) 661-4391','fleur3101@gmail.com','480-6683 Vulputate Rd.',50,'Montana','52674'),
('195501131346','Juliet','Freeman','1-585-661-2773','juliet613@outlook.com','660-8288 Dictum Rd.',170,'Nevada','91259'),
('195512171713','Celeste','Hartman','1-608-684-3841','celeste2846@gmail.com','660-9459 Sit Rd.',78,'Arkansas','71441'),
('196003303031','Alexa','Herrera','1-796-152-2305','alexa@outlook.com','P.O. Box 669, 1426 Est Rd.',37,'Idaho','70541'),
('200210212122','Mason','Cherry','1-815-652-1015','mason859@icloud.com','P.O. Box 611, 8731 Sed St.',216,'Nevada','75820'),
('197812232324','Amal','Watkins','1-324-567-3242','amal2855@outlook.com','2604 In St.',160,'Michigan','97773'),
('198905181817','Barclay','Walker','(278) 471-2154','barclay1904@hotmail.com','821-8397 Morbi St.',158,'Georgia','24575'),
('195501222219','Inez','Clay','1-225-348-5543','inez9248@gmail.com','Ap #404-7537 Risus Rd.',77,'Mississippi','43741'),
('199405030332','Chadwick','Sears','1-781-215-8784','chadwick@outlook.com','Ap #669-3206 Ultricies Rd.',137,'Michigan','79433'),
('199207101055','Kirk','Mccarthy','1-982-512-5878','kirk2990@icloud.com','6110 Aliquam St.',98,'Maine','75224'),
('198002262622','Jada','Hoffman','1-619-219-5328','jada@outlook.com','1126 Malesuada Rd.',141,'Colorado','63627'),
('197505151516','Alice','Morrow','(803) 837-4478','alice@gmail.com','Ap #729-1933 Et Rd.',33,'Hawaii','57675'),
('196301181842','Amos','Christian','1-562-463-6411','amos@gmail.com','Ap #760-5444 Sed Street',92,'Maryland','85069'),
('197411212101','Gage','Austin','1-843-215-8386','gage@gmail.com','538-1371 Consequat, Road',45,'Illinois','78332'),
('197309060603','Nerea','Conrad','1-554-655-4466','nerea@outlook.com','P.O. Box 706, 4446 Ut Av.',50,'Missouri','95409'),
('195908303004','Lillith','Mccall','(525) 471-0206','lillith9076@gmail.com','P.O. Box 924, 1011 Convallis Street',124,'Massachusetts','96518'),
('200001030333','Ivana','Patterson','1-479-265-5757','ivana9124@outlook.com','657-7966 Justo. Rd.',98,'Mississippi','57765'),
('200204252528','Jorden','Chaney','1-808-115-1345','jorden@outlook.com','5933 Urna. St.',247,'Nevada','56612'),
('196305232336','Leigh','Blankenship','(333) 881-5038','leigh@hotmail.com','855-4103 Sociis Rd.',188,'Montana','28558'),
('199204141450','Zachary','Vazquez','1-257-436-3711','zachary@gmail.com','Ap #129-3201 Pharetra Road',66,'Kansas','23461'),
('197302202000','Suki','Calhoun','(743) 289-2331','suki7960@outlook.com','6566 Lobortis. Rd.',123,'Alaska','99832'),
('200711272754','Carson','Byrd','(604) 718-3082','carson@hotmail.com','Ap #191-9062 Enim. Av.',10,'Pennsylvania','55616'),
('199111181809','Hollee','Hamilton','(932) 725-2772','hollee@outlook.com','799 Purus. St.',27,'Pennsylvania','28838'),
('198511282838','Anne','Herman','(856) 471-7833','anne@outlook.com','Ap #886-4306 Magna Rd.',147,'Washington','61126'),
('197501101045','Keaton','Goodman','1-516-326-8378','keaton775@gmail.com','3722 Non Rd.',192,'Illinois','91686'),
('197504131358','Elton','Horton','1-964-996-4765','elton@gmail.com','9657 Tincidunt Rd.',70,'Hawaii','68232'),
('199808040458','Alma','Davidson','1-850-887-2458','alma7377@outlook.com','5242 Enim Ave',29,'Washington','39014'),
('197907151530','Orli','Adkins','(844) 337-7317','orli5689@hotmail.com','770-7505 Sed St.',23,'Indiana','48251'),
('198406060604','Jena','Burris','1-434-643-6616','jena@icloud.com','484-5445 Ut, Rd.',240,'Louisiana','66773'),
('198502171746','Sacha','Bright','1-642-832-5953','sacha2239@gmail.com','P.O. Box 888, 169 Curae Av.',23,'California','94794'),
('199306090943','Shafira','Williamson','1-835-610-7303','shafira@gmail.com','Ap #766-2975 Ligula. Street',154,'Oregon','39214'),
('197811202024','Scott','Dominguez','(136) 163-7986','scott@icloud.com','P.O. Box 572, 7378 Eu Road',196,'Montana','63276'),
('196405121243','Dorian','Hahn','(257) 437-8494','dorian8960@icloud.com','Ap #411-4301 Rutrum Rd.',248,'Kansas','41951'),
('199406202039','Harper','Beck','1-523-334-7956','harper5283@icloud.com','Ap #193-4735 Donec Ave',173,'Louisiana','33584'),
('196604090920','Gail','Mann','(422) 284-3324','gail@outlook.com','4885 Etiam Avenue',118,'Illinois','84571'),
('200501232347','Destiny','Tillman','(230) 922-4158','destiny6589@outlook.com','124-4331 In St.',36,'Nebraska','21537'),
('196211010129','Emerson','Wynn','1-662-970-3110','emerson@gmail.com','Ap #686-7730 At Avenue',247,'Hawaii','10843'),
('199412282801','Bruce','Kennedy','1-523-788-5353','bruce1325@gmail.com','6314 Feugiat St.',148,'Kentucky','66485'),
('197311030320','Francis','Patterson','(617) 535-3657','francis@hotmail.com','752-9655 Vestibulum Rd.',165,'Idaho','54990'),
('196212050539','Hop','Meadows','(432) 591-1680','hop2859@icloud.com','Ap #845-2276 Sapien, Street',134,'Ohio','55944'),
('195406282832','Nero','Gibson','(136) 952-5569','nero@hotmail.com','4100 Feugiat St.',105,'Missouri','66816'),
('200107171706','Fallon','Massey','(323) 350-5463','fallon@gmail.com','908-8666 Phasellus Street',33,'Alaska','99761'),
('199005141427','Mechelle','Burris','(602) 542-2225','mechelle@hotmail.com','597 Fusce Street',51,'Maine','72488'),
('200512171739','Ian','Alvarado','(106) 828-8497','ian@outlook.com','951-8703 Nulla Avenue',214,'Illinois','83655'),
('199704272726','Karina','Petty','(275) 960-8111','karina9863@outlook.com','Ap #218-2318 Rutrum Road',25,'Pennsylvania','67653'),
('198701050519','Aurora','Dillard','1-265-550-7054','aurora2802@icloud.com','696-6697 Hendrerit Road',185,'Louisiana','29466'),
('197411060651','Salvador','Myers','1-616-675-5215','salvador@hotmail.com','644-7428 Luctus Av.',144,'Washington','44773'),
('197611030312','Cameran','Santana','(296) 831-1038','cameran@icloud.com','P.O. Box 478, 2731 Libero. St.',140,'Nebraska','51766'),
('197001252551','Octavius','Medina','1-182-443-6568','octavius1414@gmail.com','P.O. Box 929, 1188 Orci Rd.',57,'Connecticut','67018'),
('195707010123','Colorado','Hayden','1-598-983-4257','colorado@gmail.com','Ap #413-3640 Euismod St.',134,'Alabama','35771'),
('200107141447','Nelle','Hickman','1-435-797-4716','nelle4237@hotmail.com','8551 Mauris St.',104,'Mississippi','38206'),
('195409191936','Karly','Blankenship','1-718-710-5177','karly@hotmail.com','Ap #676-6548 Molestie Road',241,'Michigan','33853'),
('200403030346','Maile','Sykes','(592) 227-7083','maile3895@gmail.com','Ap #311-7321 Aenean Avenue',41,'Montana','78558'),
('199404202009','Leslie','Flynn','(437) 335-0333','leslie@outlook.com','P.O. Box 916, 773 Orci, St.',194,'Maryland','21129'),
('199702202006','Gretchen','Lee','1-879-237-3257','gretchen@outlook.com','512-8816 Erat, St.',99,'Virginia','25677'),
('196908090956','Ruby','Parsons','1-157-187-1617','ruby1181@gmail.com','P.O. Box 449, 4114 Cursus Road',124,'Vermont','83117'),
('195007030328','Axel','Schmidt','1-739-315-5256','axel@gmail.com','Ap #494-2976 Vitae Rd.',246,'Connecticut','60726'),
('198409282810','Noelle','Wright','1-259-527-2875','noelle6016@hotmail.com','Ap #536-997 Ultricies Avenue',109,'Florida','44836'),
('200501303028','Stone','Blankenship','1-413-265-1723','stone6290@outlook.com','Ap #456-5756 Dolor. St.',239,'Connecticut','88381'),
('197412070728','Alden','Vance','(452) 388-4857','alden@outlook.com','P.O. Box 871, 9516 Est, Ave',77,'Texas','92422'),
('195312181830','Ulric','Morin','1-866-293-9555','ulric@gmail.com','Ap #928-1957 Amet, Rd.',119,'Oregon','83356'),
('199706020253','Nina','Herrera','1-438-113-2229','nina5747@gmail.com','Ap #701-6769 Eu Street',76,'Pennsylvania','12832'),
('199406292947','Jasper','Mullins','(720) 368-2972','jasper@hotmail.com','P.O. Box 742, 9062 Est, Ave',218,'Nevada','33570'),
('196203252555','Leslie','Wynn','(603) 548-7355','leslie3210@hotmail.com','770-5718 Gravida. St.',233,'Indiana','81758'),
('200507242432','Tate','Chase','1-112-487-1275','tate3626@hotmail.com','P.O. Box 101, 9035 Non, Street',166,'Louisiana','55429'),
('198102030305','Wade','Boyle','(627) 188-0654','wade@outlook.com','522 Lobortis Street',58,'Utah','84787'),
('195811272750','Uriel','Lane','(299) 547-2375','uriel@gmail.com','802-6431 Faucibus Av.',72,'Mississippi','82668'),
('195801292928','Castor','Lawrence','1-484-166-5554','castor@gmail.com','P.O. Box 896, 1649 Est Av.',16,'Wyoming','60749'),
('200807020257','Florence','Dawson','1-645-481-3342','florence@icloud.com','838-7301 Lacus. Street',101,'Florida','54618'),
('197410121219','Nero','Dunn','1-492-588-1954','nero9806@outlook.com','762-6078 Nec Road',96,'Florida','17106'),
('197704181844','Oliver','Padilla','1-468-745-6281','oliver6063@gmail.com','691-7108 In Street',190,'Hawaii','87157'),
('196904292945','Lesley','Hewitt','1-696-615-1720','lesley4699@outlook.com','7213 Morbi Rd.',95,'California','95821'),
('200111171726','Jillian','Albert','(746) 367-3842','jillian240@hotmail.com','Ap #971-3945 Duis Rd.',127,'Iowa','24735'),
('200311070748','Desiree','Nichols','(247) 869-0735','desiree455@hotmail.com','4968 Est Street',131,'Texas','68887'),
('195604131323','Cruz','Daugherty','(436) 441-8682','cruz@outlook.com','Ap #897-633 Aptent Road',155,'Tennessee','67341'),
('197010020255','Unity','Stephenson','1-862-516-2961','unity@gmail.com','Ap #253-3184 Varius St.',5,'Michigan','53582'),
('196207030328','Martin','Hill','(815) 545-8096','martin3494@hotmail.com','9310 Vestibulum, Avenue',6,'Hawaii','65353'),
('196007101033','Cailin','Mcgowan','(261) 718-6119','cailin9151@icloud.com','Ap #435-438 Id Road',18,'Texas','72277'),
('198312252530','Farrah','Melendez','(568) 211-4428','farrah@hotmail.com','P.O. Box 400, 519 Etiam Rd.',26,'Alabama','36181'),
('198210181847','Kameko','Hicks','(254) 454-4157','kameko4148@hotmail.com','209-9393 Dolor St.',136,'Illinois','72826'),
('197112292930','Kane','Stafford','1-411-377-6712','kane6287@outlook.com','1311 Egestas Avenue',71,'Massachusetts','59838'),
('196604161635','Zeph','White','1-836-912-7533','zeph5567@outlook.com','P.O. Box 769, 6619 Dui, Rd.',192,'Michigan','33256'),
('201004282822','Carolyn','Price','(833) 326-8226','carolyn9448@icloud.com','Ap #481-2761 Quis Ave',31,'Connecticut','83412'),
('199209303035','Lamar','Delgado','(616) 312-8418','lamar7419@hotmail.com','177-1991 Nam Rd.',67,'Maryland','38752'),
('197807232312','Emery','Delaney','1-478-266-0966','emery9654@gmail.com','Ap #115-2565 Elit. Avenue',110,'Kentucky','86755'),
('199503272732','Colton','Larson','(345) 361-3481','colton@hotmail.com','Ap #471-5808 Odio Street',164,'Minnesota','54398'),
('196804262608','Keith','Mcdowell','1-767-712-3178','keith@hotmail.com','Ap #681-6833 Vestibulum Avenue',28,'Nebraska','53331'),
('196908212155','Colby','Stephenson','1-113-413-0429','colby@icloud.com','522 Elit. Street',199,'Indiana','41405'),
('200711111100','Jena','Little','1-647-832-4184','jena4394@icloud.com','765-2924 Consectetuer St.',50,'Louisiana','38772'),
('200607272728','Hyacinth','Wilkerson','1-564-435-8444','hyacinth@hotmail.com','614-9555 Donec Avenue',228,'California','95247'),
('196804181833','Oleg','Jennings','(669) 631-4538','oleg3870@gmail.com','7179 Lectus St.',28,'Virginia','80913'),
('200308141421','Hiram','Manning','(901) 277-4017','hiram1910@gmail.com','Ap #689-6306 Donec Av.',154,'Indiana','57890'),
('200206292945','Leroy','Grimes','(940) 246-3426','leroy292@icloud.com','Ap #259-3198 Vivamus Rd.',57,'Colorado','22355'),
('195406151503','Kameko','Ortiz','1-782-815-4586','kameko7821@gmail.com','P.O. Box 571, 805 Consequat Av.',227,'Connecticut','25338'),
('198503161645','Scott','Garcia','(687) 442-4213','scott@hotmail.com','Ap #251-7634 Ut St.',139,'Idaho','14824'),
('199305030351','Nayda','Watkins','(832) 125-5868','nayda6438@outlook.com','291-5309 Nunc Rd.',16,'Alabama','36211'),
('195501191934','Finn','Case','(222) 463-8260','finn@hotmail.com','Ap #885-2304 Metus Ave',147,'Texas','71574'),
('199810232312','Lance','Lang','1-769-450-5605','lance@hotmail.com','Ap #865-3130 Nec Rd.',236,'Kentucky','45788'),
('196807202022','Xander','Nguyen','1-918-336-6368','xander7957@icloud.com','7378 Fames Road',131,'Colorado','57536'),
('200712212138','Indigo','Dillard','(917) 464-1983','indigo7450@gmail.com','Ap #985-7192 Eleifend Road',157,'Virginia','17240'),
('201005191931','Raven','Buckley','(822) 735-2311','raven@outlook.com','355-826 Massa Av.',115,'Louisiana','75703'),
('196902010101','Nadine','Rivera','1-462-938-1033','nadine9576@gmail.com','724-5771 Ultricies Rd.',134,'Vermont','86724'),
('197007050517','Hunter','Mooney','(328) 529-7561','hunter872@hotmail.com','Ap #975-7358 Ipsum. Av.',208,'Arkansas','72681'),
('200909050533','Kaseem','Vargas','1-153-139-1471','kaseem@icloud.com','Ap #998-4481 Malesuada Rd.',96,'Tennessee','21404'),
('198102262612','Sharon','Cervantes','1-985-311-8323','sharon7287@outlook.com','307-2141 Auctor Street',233,'Nevada','48358'),
('197001131359','Emmanuel','Barrett','1-237-977-0115','emmanuel7543@outlook.com','Ap #481-4845 Elit, Ave',11,'Iowa','37210'),
('196709282814','Amanda','Shields','1-448-395-8369','amanda6913@icloud.com','Ap #486-3142 Facilisis Road',35,'Pennsylvania','77518'),
('200104232300','Latifah','Gregory','1-121-431-5162','latifah8436@hotmail.com','904-9327 Adipiscing Rd.',14,'Nebraska','11586'),
('196909303050','Sophia','Mckenzie','1-732-439-6457','sophia3523@gmail.com','Ap #882-2731 Non St.',37,'Georgia','78421'),
('196010020203','Isaiah','Dawson','(437) 841-4317','isaiah@outlook.com','913-9146 Diam. Rd.',191,'Tennessee','92653'),
('200806262613','Burke','Cardenas','(884) 126-2499','burke@icloud.com','394-8701 Duis St.',199,'Alabama','36632'),
('198403040434','Adrian','Mcconnell','1-271-357-7545','adrian9345@icloud.com','P.O. Box 972, 7380 Mi Rd.',156,'California','91565'),
('196411131348','Tucker','Cruz','(569) 774-1834','tucker@icloud.com','850-5592 Tellus Rd.',156,'Maryland','77613');

INSERT INTO student (student_id,enrolled) VALUES
(1,'1'),
(2,'1'),
(3,'1'),
(4,'1'),
(5,'1'),
(6,'1'),
(7,'1'),
(8,'1'),
(9,'1'),
(10,'1'),
(11,'1'),
(12,'1'),
(13,'1'),
(14,'1'),
(15,'1'),
(16,'1'),
(17,'1'),
(18,'1'),
(19,'1'),
(20,'1'),
(21,'1'),
(22,'1'),
(23,'1'),
(24,'1'),
(25,'1'),
(26,'1'),
(27,'1'),
(28,'1'),
(29,'1'),
(30,'1'),
(31,'1'),
(32,'1'),
(33,'1'),
(34,'1'),
(35,'1'),
(36,'1'),
(37,'1'),
(38,'1'),
(39,'1'),
(40,'1'),
(41,'1'),
(42,'1'),
(43,'1'),
(44,'1'),
(45,'1'),
(46,'1'),
(47,'1'),
(48,'1'),
(49,'1'),
(50,'1'),
(51,'1'),
(52,'1'),
(53,'1'),
(54,'1'),
(55,'1'),
(56,'1'),
(57,'1'),
(58,'1'),
(59,'1'),
(60,'1'),
(61,'1'),
(62,'1'),
(63,'1'),
(64,'1'),
(65,'1'),
(66,'1'),
(67,'1'),
(68,'1'),
(69,'1'),
(70,'1'),
(71,'1'),
(72,'1'),
(73,'1'),
(74,'1'),
(75,'1'),
(76,'1'),
(77,'1'),
(78,'1'),
(79,'1'),
(80,'1'),
(81,'1'),
(82,'1'),
(83,'1'),
(84,'1'),
(85,'1'),
(86,'1'),
(87,'1'),
(88,'1'),
(89,'1'),
(90,'1'),
(91,'1'),
(92,'1'),
(93,'1'),
(94,'1'),
(95,'1'),
(96,'1'),
(97,'1'),
(98,'1'),
(99,'1'),
(100,'1'),
(101,'1'),
(102,'1'),
(103,'1'),
(104,'1'),
(105,'1'),
(106,'1'),
(107,'1'),
(108,'1'),
(109,'1'),
(110,'1'),
(111,'1'),
(112,'1'),
(113,'1'),
(114,'1'),
(115,'1'),
(116,'1'),
(117,'1'),
(118,'1'),
(119,'1'),
(120,'1'),
(121,'1'),
(122,'1'),
(123,'1'),
(124,'1'),
(125,'1'),
(126,'1'),
(127,'1'),
(128,'1'),
(129,'1'),
(130,'1'),
(131,'1'),
(132,'1'),
(133,'1'),
(134,'1'),
(135,'1'),
(136,'1'),
(137,'1'),
(138,'1'),
(139,'0'),
(140,'0'),
(141,'0'),
(142,'0'),
(143,'0'),
(144,'0'),
(145,'0'),
(146,'0'),
(147,'0'),
(148,'0'),
(149,'0'),
(150,'0');

INSERT INTO instructor (instructor_id,ensemble) VALUES
(151,'1'),
(152,'1'),
(153,'1'),
(154,'1'),
(155,'1'),
(156,'1'),
(157,'1'),
(158,'1'),
(159,'1'),
(160,'1'),
(161,'1'),
(162,'1'),
(163,'1'),
(164,'1'),
(165,'1'),
(166,'1'),
(167,'1'),
(168,'1'),
(169,'1'),
(170,'1'),
(171,'1'),
(172,'1'),
(173,'1'),
(174,'1'),
(175,'1'),
(176,'1'),
(177,'1'),
(178,'1'),
(179,'1'),
(180,'1'),
(181,'1'),
(182,'1'),
(183,'1'),
(184,'1'),
(185,'1'),
(186,'1'),
(187,'1'),
(188,'1'),
(189,'1'),
(190,'1'),
(191,'1'),
(192,'1'),
(193,'1'),
(194,'0'),
(195,'0'),
(196,'0'),
(197,'0'),
(198,'0'),
(199,'0'),
(200,'0');

INSERT INTO contact_person (student_id,contact_person_id) VALUES
(56,201),
(33,202),
(11,203),
(117,204),
(125,205),
(98,206),
(107,207),
(85,208),
(78,209),
(92,210),
(109,211),
(144,212),
(84,213),
(53,214),
(28,215),
(136,216),
(92,217),
(145,218),
(70,219),
(63,220),
(87,221),
(63,222),
(36,223),
(22,224),
(102,225),
(145,226),
(137,227),
(7,228),
(136,229),
(98,230),
(40,231),
(55,232),
(59,233),
(13,234),
(2,235),
(98,236),
(39,237),
(31,238),
(27,239),
(35,240),
(45,241),
(105,242),
(119,243),
(25,244),
(40,245),
(122,246),
(91,247),
(80,248),
(13,249),
(40,250),
(40,251),
(65,252),
(145,253),
(1,254),
(6,255),
(126,256),
(150,257),
(79,258),
(26,259),
(89,260),
(130,261),
(47,262),
(73,263),
(25,264),
(102,265),
(125,266),
(27,267),
(123,268),
(35,269),
(5,270),
(12,271),
(60,272),
(6,273),
(46,274),
(28,275),
(134,276),
(90,277),
(137,278),
(39,279),
(78,280),
(67,281),
(55,282),
(30,283),
(71,284),
(39,285),
(115,286),
(108,287),
(86,288),
(140,289),
(26,290),
(104,291),
(51,292),
(114,293),
(118,294),
(38,295),
(34,296),
(73,297),
(53,298),
(79,299),
(101,300);

INSERT INTO sibling (student_id, sibling_id) VALUES
(1,2),
(2,1),
(5,11),
(11,5),
(5,29),
(29,5),
(11,29),
(29,11),
(120,9),
(9,120),
(57,148),
(148,57),
(57,63),
(63,57),
(63,148),
(148,63),
(47,13),
(13,47),
(35,59),
(59,35),
(124,49),
(49,124),
(3,140),
(140,3),
(3,78),
(78,3),
(78,140),
(140,78),
(99,21),
(21,99),
(81,24),
(24,81),
(74,6),
(6,74),
(74,36),
(36,74),
(36,6),
(6,36),
(74,91),
(91,74),
(91,6),
(6,91),
(91,36),
(36,91);

INSERT INTO timeslot (date,start_time,end_time,instructor_id) VALUES
('2022-06-16','09:00','23:00',160),
('2022-10-18','14:00','18:00',176),
('2022-01-06','19:00','09:00',197),
('2022-03-13','16:00','05:00',174),
('2022-09-15','16:00','21:00',152),
('2022-08-09','13:00','00:00',198),
('2022-09-23','16:00','19:00',191),
('2022-11-19','09:00','15:00',164),
('2022-02-23','17:00','07:00',163),
('2022-07-26','10:00','14:00',169),
('2022-02-22','17:00','22:00',166),
('2022-08-22','06:00','10:00',157),
('2022-09-28','08:00','08:00',151),
('2022-06-10','11:00','07:00',154),
('2022-02-03','09:00','20:00',152),
('2022-06-23','15:00','19:00',163),
('2022-10-08','18:00','23:00',181),
('2022-08-10','20:00','03:00',193),
('2022-11-23','21:00','19:00',191),
('2022-09-14','12:00','06:00',199),
('2022-02-10','10:00','20:00',155),
('2022-09-25','18:00','00:00',182),
('2022-01-23','09:00','00:00',164),
('2022-10-12','12:00','09:00',172),
('2022-08-11','17:00','22:00',189),
('2022-05-20','12:00','23:00',179),
('2022-07-02','11:00','19:00',174),
('2022-10-18','07:00','23:00',178),
('2022-05-21','12:00','13:00',181),
('2022-08-26','09:00','03:00',183),
('2022-03-01','12:00','21:00',165),
('2022-04-03','19:00','04:00',153),
('2022-10-18','13:00','09:00',165),
('2022-07-08','07:00','14:00',169),
('2022-02-24','06:00','21:00',174),
('2022-04-22','06:00','20:00',170),
('2022-06-25','19:00','14:00',195),
('2022-02-04','11:00','16:00',160),
('2022-11-05','18:00','01:00',186),
('2022-01-19','10:00','08:00',168),
('2022-08-02','14:00','08:00',172),
('2022-02-26','18:00','02:00',170),
('2022-11-27','08:00','02:00',169),
('2022-07-04','15:00','00:00',158),
('2022-02-15','14:00','05:00',166),
('2022-02-18','18:00','05:00',151),
('2022-05-12','11:00','22:00',180),
('2022-08-25','20:00','23:00',197),
('2022-01-21','06:00','01:00',189),
('2022-02-14','18:00','02:00',179),
('2022-10-23','18:00','13:00',186),
('2022-07-26','11:00','04:00',162),
('2022-03-24','14:00','21:00',194),
('2022-08-28','19:00','11:00',171),
('2022-11-03','07:00','00:00',173),
('2022-01-02','19:00','10:00',170),
('2022-09-11','17:00','09:00',158),
('2022-04-18','12:00','14:00',184),
('2022-06-04','15:00','03:00',168),
('2022-02-24','15:00','23:00',180),
('2022-01-19','10:00','03:00',168),
('2022-07-05','15:00','07:00',184),
('2022-08-04','12:00','23:00',166),
('2022-12-10','18:00','01:00',171),
('2022-09-29','14:00','06:00',158),
('2022-01-12','16:00','11:00',188),
('2022-09-07','11:00','06:00',180),
('2022-11-17','07:00','15:00',162),
('2022-09-06','13:00','18:00',173),
('2022-06-22','18:00','18:00',177),
('2022-11-16','15:00','03:00',160),
('2022-08-22','20:00','00:00',182),
('2022-05-23','10:00','23:00',186),
('2022-08-17','19:00','19:00',184),
('2022-06-10','21:00','18:00',179);

INSERT INTO individual_lesson (student_id,skill_level_id,instrument_id,timeslot_id,price_list_id) VALUES
(111,2,7,1,2),
(106,2,1,2,2),
(141,2,6,3,2),
(72,1,4,4,1),
(34,3,3,5,3),
(43,1,5,6,1),
(134,3,5,7,3),
(61,2,5,8,2),
(119,2,6,9,2),
(112,2,6,10,2),
(3,1,2,11,1),
(131,2,6,12,2),
(41,2,6,13,2),
(121,2,5,14,2),
(71,3,2,15,3),
(55,2,1,16,2),
(56,2,4,17,2),
(95,2,5,18,2),
(49,1,3,19,1),
(98,2,4,20,2),
(99,1,1,21,1),
(80,2,3,22,2),
(42,3,1,23,3),
(84,2,3,24,2),
(70,2,3,25,2);

INSERT INTO group_lesson (min_students,max_students,skill_level_id,instrument_id,timeslot_id,price_list_id) VALUES
(3,5,3,6,26,6),
(2,4,3,1,27,6),
(2,4,2,5,28,5),
(2,4,1,4,29,4),
(3,3,1,2,30,4),
(2,4,2,2,31,5),
(3,5,1,5,32,4),
(3,5,2,3,33,5),
(2,4,1,2,34,4),
(2,4,1,2,35,4),
(3,5,3,5,36,6),
(3,4,2,3,37,5),
(3,3,2,6,38,5),
(3,4,2,7,39,5),
(2,5,3,2,40,6),
(3,5,2,5,41,5),
(2,3,2,4,42,5),
(3,3,3,4,43,6),
(3,4,2,5,44,5),
(3,4,2,3,45,5),
(2,3,1,4,46,4),
(3,4,1,7,47,4),
(3,3,2,3,48,5),
(3,4,2,7,49,5),
(2,5,1,1,50,4);

INSERT INTO ensemble (min_students,max_students,genre_id,timeslot_id,price_list_id) VALUES
(3,6,9,51,7),
(4,8,1,52,7),
(4,6,5,53,7),
(4,7,2,54,7),
(4,7,2,55,7),
(3,8,5,56,7),
(4,8,4,57,7),
(3,6,5,58,7),
(3,7,3,59,7),
(4,7,1,60,7),
(4,6,3,61,7),
(4,6,3,62,7),
(3,7,5,63,7),
(3,7,4,64,7),
(3,7,3,65,7),
(3,6,9,66,7),
(4,8,6,67,7),
(3,8,8,68,7),
(3,6,5,69,7),
(3,7,2,70,7),
(3,6,6,71,7),
(4,7,5,72,7),
(3,7,3,73,7),
(3,7,5,74,7),
(3,6,7,75,7);

INSERT INTO group_lesson_student (group_lesson_id,student_id) VALUES
(1,100),
(1,74),
(1,41),
(1,42),
(1,89),
(2,58),
(2,93),
(2,101),
(3,99),
(3,42),
(3,111),
(4,12),
(4,64),
(4,100),
(5,84),
(5,52),
(5,89),
(6,62),
(6,4),
(6,115),
(7,69),
(7,61),
(7,25),
(7,38),
(8,109),
(8,113),
(8,50),
(9,92),
(9,107),
(9,28),
(10,101),
(10,25),
(10,58),
(11,115),
(11,64),
(11,56),
(12,82),
(12,101),
(12,9),
(13,115),
(13,39),
(13,23),
(14,24),
(14,2),
(14,126),
(15,16),
(15,41),
(15,82),
(16,72),
(16,66),
(16,21),
(17,97),
(17,39),
(17,64),
(18,25),
(18,35),
(18,43),
(19,68),
(19,42),
(19,110),
(20,40),
(20,122),
(20,14),
(21,33),
(21,111),
(21,91),
(22,67),
(22,107),
(22,1),
(23,57),
(23,119),
(23,60),
(24,95),
(24,11),
(24,37),
(24,40),
(25,35),
(25,74),
(25,72),
(25,102),
(25,2);

INSERT INTO ensemble_student (ensemble_id,student_id) VALUES
(1,30),
(1,12),
(1,4),
(1,31),
(2,47),
(2,29),
(2,115),
(2,114),
(3,42),
(3,60),
(3,50),
(3,15),
(4,66),
(4,80),
(4,75),
(4,89),
(5,16),
(5,105),
(5,23),
(5,122),
(6,77),
(6,33),
(6,121),
(6,44),
(7,78),
(7,34),
(7,122),
(7,7),
(8,105),
(8,72),
(8,41),
(8,34),
(9,60),
(9,50),
(9,54),
(9,61),
(10,89),
(10,72),
(10,38),
(10,113),
(11,130),
(11,33),
(11,79),
(11,74),
(12,129),
(12,104),
(12,33),
(12,36),
(13,77),
(13,35),
(13,114),
(13,128),
(14,41),
(14,31),
(14,56),
(14,123),
(15,33),
(15,107),
(15,96),
(15,43),
(16,23),
(16,92),
(16,39),
(16,57),
(17,86),
(17,136),
(17,46),
(17,130),
(18,86),
(18,120),
(18,119),
(18,55),
(19,85),
(19,96),
(19,18),
(19,50),
(20,8),
(20,131),
(20,88),
(20,110),
(21,123),
(21,136),
(21,129),
(21,12),
(22,77),
(22,15),
(22,4),
(22,133),
(23,37),
(23,43),
(23,70),
(23,47),
(24,14),
(24,96),
(24,85),
(24,35),
(25,27),
(25,65),
(25,41),
(25,64),
(12,119),
(22,33),
(17,42),
(11,73),
(11,35),
(2,89),
(14,118),
(12,67),
(14,71),
(7,42),
(9,74),
(4,116),
(6,30),
(6,13),
(18,3),
(24,124),
(13,42),
(19,17),
(6,116),
(19,55),
(3,54),
(21,57),
(8,29),
(1,98),
(15,39),
(16,109),
(3,29);

INSERT INTO rental (start_date, end_date, student_id, physical_instrument_id) VALUES
('2022-06-16', '2023-06-16', 3, 8),
('2022-08-30', '2022-12-28', 124, 23),
('2022-10-12', '2023-10-12', 87, 13),
('2022-10-06', '2023-10-06', 45, 21);
